[
  {
    "label": "Access to Communication and Technology — Birmingham",
    "href": "https://assistivetechnology.org.uk/list-of-ec-services-2/access-to-communication-and-technology-birmingham"
  },
  {
    "label": "Assistive Technology Service (London) — St George's",
    "href": "https://assistivetechnology.org.uk/list-of-ec-services-2/assistive-technology-service-st-georges-london"
  },
  {
    "label": "AT Telehealthcare Team — Cambridge",
    "href": "https://assistivetechnology.org.uk/list-of-ec-services-2/at-telehealthcare-team-cambridge"
  },
  {
    "label": "Barnsley AT Team — Barnsley",
    "href": "https://assistivetechnology.org.uk/list-of-ec-services-2/barnsley-at-team-barnsley"
  },
  {
    "label": "Bedfordshire EC Service — Dunstable",
    "href": "https://assistivetechnology.org.uk/list-of-ec-services-2/bedfordshire-ec-service-dunstable"
  },
  {
    "label": "Derbyshire and Nottinghamshire EAT Service — Derby",
    "href": "https://assistivetechnology.org.uk/list-of-ec-services-2/derbyshire-nottinghamshire-eat-service"
  },
  {
    "label": "Dorset, Hampshire and IOW ECS — Bournemouth",
    "href": "https://assistivetechnology.org.uk/list-of-ec-services-2/dorset-hampshire-and-iow-ecs-bournemouth"
  },
  {
    "label": "EAT Service — Lincoln",
    "href": "https://assistivetechnology.org.uk/list-of-ec-services-2/eat-service-lincoln"
  },
  {
    "label": "North Thames RECES (Regional Environmental Control Equipment Service)",
    "href": "https://assistivetechnology.org.uk/list-of-ec-services-2/north-thames-regional-environmental-control-equipment-service"
  },
  {
    "label": "North East Regional EC Service",
    "href": "https://assistivetechnology.org.uk/list-of-ec-services-2/north-east-regional-ec-service"
  },
  {
    "label": "North West AT Service — Liverpool",
    "href": "https://assistivetechnology.org.uk/list-of-ec-services-2/north-west-at-service"
  },
  {
    "label": "Specialist Disability Service — Oxford",
    "href": "https://assistivetechnology.org.uk/list-of-ec-services-2/specialist-disability-service-oxford"
  },
  {
    "label": "Peterborough EC Service",
    "href": "https://assistivetechnology.org.uk/list-of-ec-services-2/peterborough"
  },
  {
    "label": "Communication Aid Service East of England (CASEE)",
    "href": "https://assistivetechnology.org.uk/list-of-ec-services-2/communication-aid-service-east-of-england-casee"
  },
  {
    "label": "Norfolk EC Service — Norwich",
    "href": "https://assistivetechnology.org.uk/list-of-ec-services-2/norfolk-ec-service-norwich"
  },
  {
    "label": "Suffolk EC Service — Ipswich",
    "href": "https://assistivetechnology.org.uk/list-of-ec-services-2/suffolk-ecs-ipswich"
  },
  {
    "label": "Leicestershire & Rutland EC Service",
    "href": "https://assistivetechnology.org.uk/list-of-ec-services-2/leicestershire-rutland-ec-service"
  },
  {
    "label": "Luton EC Service",
    "href": "https://assistivetechnology.org.uk/list-of-ec-services-2/luton-ec-service"
  },
  {
    "label": "Electronic Assistive Technology South West — Bristol",
    "href": "https://assistivetechnology.org.uk/list-of-ec-services-2/electronic-assistive-technology-south-west/"
  },
  {
    "label": "Kent & Medway Specialist Equipment Service",
    "href": "https://assistivetechnology.org.uk/list-of-ec-services-2/kent-medway-specialist-equipment-service"
  }
]
